absolwent;м. выпускник
aczkolwiek;хотя
agencja;ж. агентство
ajencja;ж. (устар.) агентство
akademik;м. 1. академик; 2. студенческое общежитие
akcja;ж. 1. действие; 2. акция; 3. кампания
aktor;м. актер, артист
akurat;как раз, точно, именно
analiza;ж. анализ
apel;м. 1. обращение, призыв, воззвание; 2. перекличка
artysta;м. художник, артист
asparagus;м. аспарагус
aspekt;м. 1. аспект; 2. (грамм.) вид
atak;м. 1. атака, нападение; 2. (мед.) приступ, припадок
atrakcyjny;увлекательный, привлекательный, захватывающий
awans;м. 1. повышение по службе; 2. аванс
bać się;бояться
badacz;м. исследователь
badanie;ср. исследование
bagatela;ж. пустяк, мелочь
balia;ж. бочка, бадья, лохань
bardzo;очень
barwa;ж. цвет
barwny;цветной
baśń;ж. сказка
bądź;1. или; 2. будь (от być)
bezczelny;бессовестный, наглый, на-хальный, бесстыдный
bezpeczeństwo;ср. безопасность
bezpośredni;непосредственный
beztroski;беззаботный
bezwiednie;безотчетно, бессознательно
bezwzględny;1. безусловный, абсолютный; 2. суровый, жестокий, беспощадный
bibułka;ж. 1. тонкая бумага; 2. промокательная бумага
biec;бежать
bierny;пассивный
bilans;м. баланс
biurko;ср. письменный стол
blacha;ж. жесть, листовое железо
błazen;м. шут, паяц, клоун
błąd;м. ошибка
blok;м. 1. блок; 2. (жилой) корпус
błoto;ср. грязь
boczny;боковой
bodziec;м. стимул, импульс
bohater;м. герой
boisko;ср. (спортивная) площадка
boski;1. божий, божеский; 2. чудесный, очаровательный
bowiem;потому что
bóg;м. бог
ból;м. боль
brak;м. 1. недостаток, нехватка, отсутствие; 2. брак
brakować;недоставать, отсутствовать
brama;ж. ворота
branża;ж. отрасль
branka;ж. 1. набор (в армию); 2. (устар.) полонянка, пленница
brązowy;бронзовый
bróg;м. стог, скирда
brunatny;коричневый, бурый
brzmieć;звучать
brzuch;м. живот
bursztyn;м. янтарь
but;м. ботинок, сапог
by;чтобы
bydło;ср. скот
bydlęcy;скотский
byle;1. только бы, лишь бы; 2. незначительный, малейший
były;бывший
bynajmniej;отнюдь (не), ничуть (не), совсем (не)
całkiem;вовсе, совсем, абсолютно
całkowicie;полностью, совсем
całkowity;полный, весь
całość;ж. всё, целое
cały;целый, весь
cebratek;м. бадья, лохань, ведро
cecha;ж. 1. черта, признак, свойство; 2. метка
centrala;ж. 1. центр, центральное руководство, центральный пункт; 2. центральная телефонная станция
centrum;ср. центр
chęć;ж. желание
chłop;м. крестьянин, мужик
chłopak;м. парень
chór;м. хор
chętnie;охотно, с удовольствием
chichot;м. хихиканье
chodnik;м. 1. тротуар; 2. половик, дорожка; 3. ход, проход, коридор; 4. дорожка, тропинка
chwiać się;колебаться
chwila;ж. момент, мгновение, минута
chyba;пожалуй
chyłkiem;крадучись, украдкой, тайком
ciężar;м. 1. тяжесть; 2. вес
ciąg;м. продолжение
ciało;ср. тело
ciastko;ср. пирожное
cięgiem;обл. непрерывно, все время
cienki;тонкий
ciężar;м. 1. вес; 2. тяжесть, бремя
ciżba;ж. 1. толпа; 2. толчея, давка
cło;ср. пошлина
cmentarz;м. кладбище
co;что
coś;что-то
cofać;1. двигать назад; 2. отменять, отказываться
coraz;всё, с каждым разом
cosik;см. coś
córka;ж. дочь
cug;м. 1. цуг; 2. цуговая лошадь
cyganić;разг. плутовать, врать
część;ж. часть
członek;м. член
człowiek;м. человек
często;часто
czatować;подстерегать, подкарауливать, поджидать
czerwiec;м. июнь
czołowy;главный, основной
czujność;ж. бдительность, зоркость, чуткость
czwartek;м. четверг
czy;1. или; 2. ли
czyhać;подстерегать, подкарауливать
czyn;м. 1. действие, поступок; 2. почин, обязательство
czynić;1. делать; 2. поступать (хорошо, плохо)
czynnik;м. фактор
czynny;1. активный, деятельный; 2. действующий, рабочий, функционирующий
czytelnik;м. читатель
dachówka;ж. черепица
dążenie;ср. стремление
dążyć;стремиться
decydować;решать, иметь решающее значение
decyzja;ж. решение
deska;ж. доска
deszcz;м. дождь
dętka;ж. камера (велосипеда, мяча и т.д.)
dlaczego;почему
dlatego;потому
długi;долгий, длинный
dość;достаточно, довольно
doświadczenie;ср. опыт
doba;ж. 1. сутки; 2. время, эпоха
docierać;1. доходить, добирать, проникать, достигать; 2. дотирать, притирать
dodatni;положительный, позитивный
dojrzewać;1. созревать; 2. взрослеть
dokoła;кругом, вокруг
dokonać;осуществить, исполнить, выполнить
dolegliwość;ж. недуг, недомогание
donica;ж. 1. цветочный горшок; 2. глиняная миска, горшок
doniosły;важный
dopóki;пока
dopiero;только, всего (о времени)
doprawdy;в самом деле, правда, действительно, по правде говоря
doprowadzić;довести, привести
doskonały;превосходный, отличный, совершенный
dostarczać;доставлять, поставлять, предоставлять
doświadczenie;ср. 1. опыт, экспери-мент; 2. опытность
dotąd;1. до этого места, досюда; 2. до этого времени, до сих пор
dotychczas;до этого времени
dotyczyć;касаться, относиться
dotyk;м. прикосновение
dowódca;м. командир
dowodzić;1. доказывать; 2. командовать
dowolny;любой, произвольный
doznać;узнать, испытать, изведать
dół;м. 1. яма, впадина; 2. низ
drób;м. домашняя птица
drabina;ж. лестница
drastyczny;1. острый, сильнодействующий; 2. непристойный
drzwi;мн.ч. дверь
duży;большой
duma;ж. гордость
dworzec;м. вокзал
dyrygować;дирижировать
dysponować;распоряжаться
dyspozycja;ж. распоряжение
dywaniczek;м. коврик
dziś;сегодня
dzięki;1. благодарность; 2. благодаря
dziać;się происходить, совершаться, делаться
dział;м. 1. отдел, раздел; 2. доля
działać;действовать
działacz;м. деятель
działalność;ж. деятельность
działanie;ср. действие, воздействие
dziadek;м. дедушка, старичок
dziadzio;м. 1. дедушка (отец отца или матери); 2. старик, старый человек
dziecięcy;детский
dziecko;ср. ребенок
dziedzina;ж. отрасль
dziedziniec;м. двор
dzielnica;ж. 1. район (города); 2. область
dzielny;1. энергичный; 2. отважный
dzieło;ср. произведение, творение
dzisiaj;сегодня
dzisiejszy;сегодняшний
dźwięk;м. звук, звучание
ekipa;ж. коллектив, группа, команда, отряд
ekspedientka;ж. продавщица
eliminacja;ж. 1. отборочные соревнования; 2. исключение
ewentualny;возможный
facet;м. тип, субъект, лицо
fach;м. профессия, специальность
fachowiec;м. специалист
fala;ж. волна
firanka;ж. занавеска
folwark;м. фольварк, усадьба
frekwencja;ж. посещаемость, частота
fundusz;м. фонд
furkotanie;cр. или furkot м. шум, гудение, жужжание
futro;ср. мех
głąb;м. 1. качан; 2. дурак; 3. глубина
gęba;ж. 1. рот; 2. морда
gąbka;ж. губка
głośny;громкий
gałąź;ж. ветка, ветвь
gablota (tka);ж. 1. стеклянная витрина; 2. горка (мебель)
gadać;болтать
gardzić;презирать, пренебрегать
garnek;м. 1. горшок, кастрюля; 2. кружка
garnitur;м. 1. костюм; 2. гарнитур, набор
gatunek;м. вид, род, жанр
gawędzić;болтать, балагурить
gdy;когда, если
gdyż;потому что
gdzie indziej;в другом место, в другое место
gest;м. жест
ginąć;гибнуть, пропадать
gmach;м. здание
golić;1. брить; 2. обдирать, облапошивать
gorejący;сверкающий, горящий, неопалимый
gorliwy;старательный, усердный, беззаветный, рьяный
gospodyni;ж. хозяйка
granatowy;1. темно-синий; 2. гранатовый
grdyka;ж. кадык
grono;ср. 1. кисть (соцветие); гроздь, кисть; 2. круг, общество
grot;м. 1. стрела; 2. грот-мачта; 3. ост-рие, наконечник; 4. грот
gruby;толстый, большой, широкий
grudzień;м. декабрь
grzbiet;м. хребет, спина
grzeczny;1. вежливый, учтивый; 2. послушный
grzywna;ж. денежный штраф
gumowy;резиновый
hałas;м. шум, крик
hall;м. холл
hasło;ср. 1. лозунг; 2. пароль; 3. сигнал; 4. заглавное слово
helikopter;м. вертолет
herbata;ж. чай
herbatnik, -i;м. печенье
huta;ж. металлургический завод
igrzyska;мн.ч. игры, турнир
ilość;ж. количество
impreza;ж. мероприятие
inny;иной, другой
interesujący;интересный
izba wytrzeźwień;вытрезвитель
iż;союз что
jamnik;м. такса (собака)
jarzębina;ж. рябина
jarzyna;ж. овощи
jaskinia;ж. 1. пещера; 2. притон
jasny;светлый
jazgotliwy;1. лязгающий, грохочущий, трескучий; 2. крикливый
jąć;книжн. начать
jednak;однако, но
jednocześnie;одновременно
jednolity;однородный, единый, монолитный, цельный
jednostka;ж. 1. лицо; 2. единица
jedynie;только
jeleń;м. олень
jeno;книжн. только, лишь
jeszcze;еще
już;уже
juści;или jużci вестимо, само собой, конечно
kadłub;м. корпус
kajak;м. байдарка
kalafior;м. цветная капуста
kałamarz;чернильница
kałdun;м. разг. брюхо
kamasze;1. штиблеты, мужские ботинки; 2. гамаши, гетры
kapcie;домашние туфли, тапочки
kapłan;м. священник, жрец
karny;дисциплинарный, криминальный, уголовный
kartka;ж. 1. карточка; 2. листок, страница
kasjerka;ж. кассирша
kawał;м. 1. кусок; 2. анекдот
kawaler;м. 1. холостяк; 2. кавалер, поклонник; 3. кавалер (ордена)
kawiarnia;ж. кафе
kazać;1. велеть, приказывать; 2. заставлять, принуждать
kąt;м. угол
kelner;м. официант
kiedy;когда
kilka;несколько
kino;ср. 1. кино; 2. кинотеатр
klamka;ж. дверная ручка
klapa;ж. 1. клапан, крышка; 2. лацкан, отворот; 3. провал, неудача
klasówka;ж. классная работа
klękać;становиться на колени
klęska;ж. 1. поражение; 2. несчастье
klosz;м. 1. абажур, колпак; 2. ваза; 3. клёш
kłamstwo;ср. ложь, вранье
kłus;м. рысь
końcowy;заключительный, конечный
koło;1. круг; 2. колесо; 3. кружок, общество 4. около
kolczyk;м. серьга, сережка
kolej;ж. 1. железная дорога; 2. колея; 3. очередь
kolejka;ж. 1. очередь; 2. узкоколейка
kolejność;ж. последовательность, очередность
kolejny;очередной
kolejowy;железнодорожный
kolki;колики
kolumna;ж. колонна
konieczność;ж. необходимость
kontynuować;продолжать
korytarz;м. коридор
korzystać;пользоваться
kostka;ж. 1. косточка; 2. щиколотка, лодыжка; 3. игральная кость, кубик; 4. кусок
kościół;м. костёл, храм
kółko;ср. кружок
krawat;м. галстук
krąg;м. круг
kredka;ж. 1. мел; 2. цветной карандаш
kres;м. 1. край, предел, граница; 2. окраина, пограничная область
krew;ж. кровь
kręcić;крутить
krępować;1. беспокоить, стеснять, ограничивать; 2. связывать
krosta;ж. гнойник, прыщ, короста
kruchy;ломкий, хрупкий, ненадежный
krzesło;ср. стул
krzyż;м. крест
krzywda;ж. ущерб, вред, несправедливость, зло
książę;м. князь
książka;ж. книга
kształt;м. вид, форма
kształtowanie;ср. формирование
ku;к (чему-л.)
kubeł;м. 1. ведро, ушат; 2. бадья; 3. параша
kucie;ср. 1. ковка; 2. долбление, высекание (скалы); выковывание, создание, выработка
kulbakа;ж. седло
kuleć;хромать
kupa;ж. 1. куча, груда, ворох; 2. куча, масса, уйма, множество; 3. купина
kupno;ср. покупка, купля
kurzawа;ж. пыль, вьюга, метель
kwestia;ж. проблема, вопрос
kwiecień;м. апрель
lada;1. прилавок, стойка; 2. лоток; что попало, малейший, любой
lanie;ср. 1. литье; 2. трепка, взбучка
larwa;ж. личинка
laska;ж. 1. трость, 2. палка
ląd;м. земля, суша
lądować;1. причаливать; 2. приземляться
lecz;но, все-таки
lek;м. лекарство
lekki;легкий
lewica;ж. 1. левая рука; 2. левая партия
lęk;м. испуг, страх
lichtarz;м. подсвечник, канделябр
liczny;многочисленный
lipiec;м. июль
lista;ж. список
listopad;м. ноябрь
lokal;м. 1. помещение; 2. бар, ресторан
lokator;м. квартирант
lot;м. полёт
lotniczy;авиационный
lotnik;м. летчик
lotnisko;ср. аэропорт
lubieżny;сладострастный, чувственный
ludowy;народный
luty;февраль
ładny;красивый
łajno;ср. помет, кал, навоз
łańcuch;м. цепь
łącznie;вместе
łączność;ж. связь, сообщение
łączyć;связывать, соединять
łąka;ж. луг
łatwo;легко
łoskot;м. грохот, шум
łóżko;ср. кровать
łza;ж. слеза
maczek;м. 1. уменьш. от mak; 2. бисерный почерк
magazyn;м. 1. склад; 2. магазин
malarz;м. художник
małżeństwo;ср. 1. брак, супружество, замужество; 2. брачная пара; 3. брачная жизнь
małżonka;ж. жена, супруга
mapa;ж. карта
marchew;ж. морковь
martwić;się беспокоиться
marynarka;ж. 1. пиджак; 2. флот (морской)
marynarz;м. моряк, матрос
marzec;м. март
marzenie;ср. мечта
maść;ж. 1. мазь; 2. масть (лошадей)
matka;ж. мать
mąka;ж. мукá
mąż;м. 1. муж; 2. деятель, муж (государственный)
mecz;м. матч
meldować;1. рапортовать, докладывать; 2. прописывать
mężczyzna;м. мужчина
między;между
międzynarodowy;международный
mięsień;м. мускул, мышца
miarkować;1. сдерживать, укрощать; 2. соображать, догадываться, смекать; 3. ориентироваться
miasto;ср. город
miejsce;ср. место
miejski;городской
miesiąc;м. месяц
mieszkać;жить
mieszkanie;ср. квартира, жилье
mieszkaniec;м. житель
mijać;1. миновать, проходить мимо; 2. опережать, обгонять; 3. проходить, миновать, уходить (о времени)
milczeć;молчать
milczenie;ср. молчание
mimo;1. несмотря на…, вопреки; 2. мимо
mistrz;м. 1. мастер; 2. чемпион; 3. маэстро
mistrzostwo;ср. 1. мастерство; 2. чемпионат
mit;м. миф
mknąć;мчаться, нестись
mniej;меньше
może;может, может быть
morderca;м. убийца
móc;мочь
mówca;м. оратор, выступающий
mówić;говорить
mrówka;ж. муравей
musieć;быть должным
nabrzmiały;опухлый, припухлый
nadajnik;м. передатчик
nadal;в дальнейшем
nadawać się;годиться, подходить, быть пригодным
nadawać;передавать
nadmiar;м. излишество
nagana;ж. выговор, порицание
nagle;1. вдруг, неожиданно; 2. спешно
naglić;1. торопить; 2. принуждать, понукать
nakład;м. тираж
należyty;соответствующий, надлежащий, должный
namiętny;страстный
nań;на него
napar;м. навар, настой
napatoczyć się;1. попасться, подвернуться, случиться; 2. наткнуться
napić się;выпить, напиться
napięty;напряженный
naprawa;ж. ремонт
naprawdę;действительно, в самом деле
nartа;ж. лыжа
narząd;м. орган
narzekać;жаловаться
narzucić;1. набросить; 2. навязать, заставить
następnie;затем, в дальнейшем, потом, далее
nastawniа;1. механизм дистанционного управления; 2. пост дистанционного управления; 3. центральный стрелочный пост на железной дороге; 4. щитовой блок (электр.)
naśladować;1. перенимать, подделывать; 2. брать пример, подражать
natężenie;ср. 1. напряжение; 2. интенсивность
natomiast;зато
natrysk;м. душ
nawias;м. скобка (граф.)
nazwisko;ср. фамилия
nędzny;1. бедный, убогий, нищенский; 2. жалкий, мизерный, скудный; 3. плохой, негодный
nic;ничто, ничего
nicа;ж. изнанка
nicować;1. перелицовывать, выворачивать на изнанку; 2. извращать; 3. критиковать, придираться
niebawem;вскоре
niebieski;голубой
niech;пусть
nieco;несколько, немного, слегка, чуть-чуть
niedźwiedź;м. медведь
niedziela;ж. воскресенье
niejednokrotnie;неоднократно
niemal;почти
niemniej;тем не менее, все-таки, однако
nieparzysty;непарный, нечетный
niepospolitość;ж. 1. незаурядность; 2. незаурядная личность (устар.)
nieprzenikniony;непроницаемый
niesamowity;1. необычный, необыкновенный; 2. страшный, ужасный
nietoperz;м. летучая мышь
niewątpliwie;несомненно
niewiele;немного
niezły;неплохой
niezbędny;необходимый
niezbyt;не очень
niezmiernie;безмерно
niezwykle;необычно, исключительно
nigdy;никогда
nikt;никто
niż;союз чем
notatnik;м. записная книжка
notować;записывать, отмечать
nowoczesny;современный
nurkować;нырять
nurt;м. 1. фарватер; 2. течение; 3. ход
obawiać się;бояться, опасаться
obcy;чужой
obecnie;теперь, сейчас
obecnośc;ж. наличие, присутствие
obecny;1. присутствующий, наличный; 2. теперешний, современный
obejrzeć;осмотреть, посмотреть
obgadywać;обговаривать, обсуждать, сплетничать
obierać;1. чистить, очищать, снимать; 2. выбирать, избирать
objąć;обнять, охватить
objaw;м. 1. явление; 2. симптом, признак
obmierzły;мерзкий, неприятный
obojętny;равнодушный, безразличный
obok;1. предлог около; 2. наречие рядом, близко
obora;1. коровник; 2. скот
obowiązujący;обязательный
obrada;ж. 1. заседание, совет; 2. обсуждение
obradować;1. заседать; 2. обсуждать
obraz;м. 1. картина; 2. образ
obrotny;ловкий, оборотливый, предприимчивый
obserwator;м. наблюдатель
obserwować;наблюдать
oburzony;возмущенный, негодующий, недовольный
obwód;м. 1. окружность; 2. область
obywatel;м. гражданин
ochmistrzyni;ж. 1. (ист.) жена дворецкого; 2. (устар.) экономка, ключница, гувернантка, воспитательница
oczywiście;конечно
odbiorca;м. получатель
odbiornik;м. приемник
odcinek;м. отрезок
odebrać;1. принять, получить, 2. отнять, отобрать, взять обратно
odmawiać;отказывать
odmienny;1. другой, иной, разный; 2. изменчивый
odnieść;отнести, соотнести
odporność;ж. 1. сопротивляемость; 2. иммунитет
odpowiedź;ж. ответ
odrębny;1. отдельный; 2. своеобразный
odwiedzić;посетить
ofiara;ж. жертва
oficyna;ж. флигель
ogłosić;объявить
ogarnąć;1. обхватить, обнять; 2. охватить, окружить; 3. охватить (умом), постичь, понять; 4. охватить, обуять, овладеть (кого-то охватил гнев)
oglądać;смотреть, осматривать
ognisko;ср. костер, огонь
ogon;м. хвост
ohyda;ж. 1. мерзость, гадость; 2. (устар.) отвращение, омерзение
ojcowstwo;ср. 1. отцовство; 2. авторство
okazja;ж. случай, возможность
okazywać;1. предъявлять, показывать; 2. проявлять, показывать, обнаруживать
okiść;ж. смерзшийся снег
okręt;м. корабль
określać;определять, обозначать
określenie;ср. определение
określony;определенный
okres;м. 1. период; 2. квартал
okropny;страшный, ужасный
olbrzymi;огромный, громадный
omawiać;1. обсуждать; 2. оговаривать
opór;м. сопротивление
opad;м. 1. осадки; 2. опадание
opanować;овладеть
oparcie;ср. опора
opatrunek;м. перевязка
opieka;ж. 1. забота, попечение; 2. опека
opinia;ж. 1. мысль, мнение, взгляд; 2. репутация
opodatkowanie;ср. налогооблажение
opona;ж. 1. шина; 2. оболочка
oprócz;кроме
opracowanie;ср. разработка
opryskliwy;резкий, грубый, неприятный
oprzeć się;1. опереться; 2. противиться
oprzytomnić;привести в чувство
oraz;и, а также
ornat;м. риза (церк.)
orszak;м. свита, кортеж
osaczyć;окружить, взять в кольцо
osiągnąć;достигнуть
osiągnięcie;ср. достижение
osiedle;ср. 1. поселок; 2. микрорайон
osobnik;м. индивид, личность
osobny;отдельный, особый
osobowy;личный
ostateczny;окончательный, последний
ostatnio;в последнее время
oszczędność;ж. бережливость, экономия
oszczerstwo;ср. клевета, наговор
ośrodek;м. центр, средоточие
oświadzczyć;заявить, сообщить
otóż;таким образом, итак
otaczać;окружать
otchłań;ср. пучина, бездна
oto;вот
otoczenie;ср. окружение
otrąbić;(устар.) дать сигнал трубой (о прибытии)
otulać;окутывать, укутывать
otwór;ж. отверстие
otwarty;открытый
otwierać;открывать
owocowy;фруктовый
owszem;да, конечно
ozór;1. язык (животного); 2. кулин. язык
ów;тот, другой, иной
paczka;ж. 1. пачка; 2. посылка
palić;1. жечь; 2. курить
państwo;ср. 1. государство; 2. супружеская пара; 3. Вы (при вежливом обращении к группе, состоящей из мужчин и женщин)
państwowy;государственный
papież;м. папа римский
papier;м. бумага
parapet;м. подоконник
parasol;м. зонт
pas;м. 1. пояс; 2. ремень, привод
pasmo;ср. 1. моток ниток; 2. ряд, полоса; 3. повязка, бинт
pasożyt;м. паразит
pastwisko;ср. пастбище
pasza;1. корм, фураж; 2. пастбище
patrzeć;смотреть
patyk;м. прут, палка
październik;м. октябрь
pełny;полный
pęd;м. 1. стремительное, быстрое движение; 2. стремление, порыв; 3. побег, росток
pędzić;1. гнать; 2. мчаться
piątek;м. пятница
pieczęć;ж. печать
piekielny;адский, дьявольский
pielęgnować;1. ухаживать; 2. культивировать, развивать
pielęgniarka;ж. медсестра, сиделка
pieniądz;м. 1. деньги; 2. монета
pieprz;м. перец
pierwiastek;м. 1. элемент; 2. (мат.) корень
piękno;ср. красота
piękny;красивый
pięść;ж. кулак
pięściarz;м. боксер
piętro;ср.
piętnować;1. клеймить; 2. обсуждать, клеймить
piętro;ср. 1. этаж; 2. ярус
pijak;м. пьяница
piłka;ж. мяч
piłkarz;м. футболист
piosenkarz;м. певец
pisarz;м. писатель
pisownia;ж. правописание, орфография
piwnica;ж. подвал
plac;м. площадь
placówka;ж. 1. пост; 2. пункт, отделение, учреждение
plecy;спина
płaski;плоский
płaszczyzna;ж. плоскость
płatek;м. 1. лепесток; 2. лоскуток, клочок; 3. кусочек, ломтик, пластинка
płeć;ж. пол (мужской, женский)
płucо;ср. легкое
płynąć;1. плыть; 2. течь
płciowy;половой
po miejsku;по-городскому, на городской манер
po omacku;на ощупь, ощупью, вслепую
połączyć;объединить, соединить
pożyteczny;полезный
pochodzić;происходить
pociąg;м. поезд
pocisk;м. снаряд
podczas gdy;тогда как
podczas;во время
podejmować;1. поднимать; 2. делать; 3. угощать
podejrzenie;ср. подозрение
podejrzewać;подозревать
poderwać;1. рвануть вверх, резко поднять; 2. поднять; 3. надорвать (снизу); 4. подорвать, расшатать
podstawowy;1. основной; 2. начальный
pogrzeb;м. погребение
pojęcie;ср. понятие
pojazd;м. 1. экипаж; 2. транспортное средство
pojedynczy;единственный
pokład;м. 1. палуба; 2. пласт
pokarm;м. 1. еда; 2. корм; 3. материнское (грудное) молоко
polecenie;ср. 1. поручение, распоряжение, приказ; 2. рекомендация
polegać;1. заключаться; 2. рассчитывать, полагаться, надеяться
pomóc;помочь
pomarańcza;ж. апельсин
pomiędzy;между
pomiar;м. измерение
pomijać;обходить, опускать, упускать, не касаться, не затрагивать
pomoc;ж. помощь
pomocniczy;подсобный, вспомогательный
pomsta;ж. месть
pomyślny;удачный, счастливый
pomysł;м. мысль, замысел
ponad;1. более чем; 2. над
pończocha;ж. чулок
ponieważ;поскольку, потому что
poprzedni;предшествующий
poprzez;через
porażka;ж. поражение
porcelana;ж. фарфор
porozumienie;ср. соглашение, договоренность
portfel;м. бумажник
posąg;м. статуя, монумент
posługiwać się;использовать, употреблять
poseł;м. 1. посланник; 2. депутат
posępny;мрачный, угрюмый
posiłek;м. питание, еда
posiadać;владеть
postęp;м. прогресс
postać;1. вид, форма, состояние; 2. фигура, вид; 3. лицо, персона
postawa;ж. 1. положение, поза, позиция; 2. фигура, осанка, внешний вид; 3. позиция, отношение, подход
postękiwać;стонать, охать, жаловаться
posunięcie;ср. движение, продвижение, шаг
poszczególny;отдельный
potęga;ж. сила, могущество, мощь
potknąć się;споткнуться
potrafić;смочь, суметь
potworny;ужасный
powód;м. 1. причина, основание; 2. истец
poważny;важный, серьезный, значительный
powiedzieć;сообщить, сказать
powietrze;ср. воздух
powinowaty;свойственник, находящийся в свойстве
powołać;1. призвать; 2. создать
powodować;вызвать, обусловить
powodzenie;ср. успех, удача
powszechny;всеобщий, повсеместный
pozór;м. 1. внешний вид; 2. причина
poza;1. кроме, за исключением; 2. поза
poziom;м. уровень
pozorny;мнимый, кажущийся, видимый
pójść;пойти
prąd;м. 1. течение; 2. ток; 3. направление
prasa;ж. пресса
prawie;почти
prędko;быстро
prezes;м. председатель
prężyć się;напрягаться, стоять на вытяжку
promotor;м. 1. научный руководитель; 2. инициатор
propozycja;ж. предложение
prostować;выпрямлять, исправлять
prowadzić;вести, направлять
przebieg;м. 1. ход, течение, развитие, процесс; 2. пробег
przeciętny;1. средний; 2. посредственный
przecież;1. все же, однако; 2. ж (же)
przeciech;см. przecież
przeciw;против
przed;перед
przedni;передний
przedział;м. 1. купе, отделение; 2. интервал
przefrunąć;пролететь, перепорхнуть
przejście;ср. переход
przejaw;м. проявление, симптом
przejmować;się волноваться, беспокоиться, принимать близко к сердцу
przekazać;передать
przekształcać;преобразовать, трансформировать, видоизменить
przemawiać;говорить, выступать
przemycać;провозить контрабандой, протаскивать
przemysł;м. промышленность
przepis;м. 1. рецепт (приготовления чего-л.); 2. правило, инструкция
przepisowy;соответствующий положению, отвечающий правилам
przepraszać;просить прощения
przeprowadzić;1. провести; 2. перевести, переместить
przeraźliwy;пронзительный, пронизывающий, ужасный
przesada;ж. преувеличение
przestępstwo;ср. преступление
przestać;перестать
przestrzeń;ж. пространство
przeszłość;ж. прошлое
przetrwać;1. пережить, сохраниться; 2. выдержать, перенести
przewaga;ж. преимущество
przewidywać;предвидеть
przez;1. через; 2. на протяжении, в течение
przeżuwać;пережевывать
przodek;м. 1. предок; 2. передок (повозки); 3. (устар.) передняя часть чего-л.
przy;около, при
przycisk;м. 1. пресс-папье; 2. ударение, акцент; 3. нажим, кнопка
przydział;м. 1. придача; 2. распределение, надел; 3. назначение, прикомандирование
przyjąć;принять
przypadek;м. 1. случай; 2. случайность; 3. падеж
przyrządzać;приготавливать
przysłonić;прикрыть, заслонить
przyszły;будущий
przytłumiony;приглушенный
przеwodniczący;м. председатель
psioczyć;жаловаться, ругать
pysk;м. 1. морда, пасть (животного); 2. морда, харя
rabat;м. скидка
raczej;пожалуй, скорее, вернее
raczek;м. 1. рачок; 2. раковая шейка; 3. карапуз
radzić;советовать
ramienie;ср. плечо
rano;1. утро; 2. утром
ratа;ж. взнос, частичный платеж
rejestracja;ж. регистрация
rekin;м. акула
relacja;ж. 1. донесение, отчет, доклад; 2. соотношение, связь
resort;м. 1. ведомство; 2. компетенция
ręka;ж. рука
robotnik;м. рабочий
rodzaj;м. род, сорт
rodzina;ж. семья
rok;м. год
rokowaniа;переговоры
rola;ж. 1. роль; 2. земля, пашня
rolnictwo;ср. сельское хозяйство
ropa;ж. 1. гной; 2. нефть
rozebrać się;раздеться
rozerwać się;1. разорваться; 2. развлечься
rozkazać;приказать, повелеть
rozlegać się;1. раздаваться, звучать; 2. простираться
rozmaity;разный, разнообразный
rozpocząć;начать
rozprawa;ж. 1. заседание суда, судебное разбирательство, слушание дела, процесс; 2. трактат, научное сочинение; 3. диспут, обсуждение, споры; 4. бой, сражение, столкновение
rozprawiać;рассуждать, разглагольствовать
rozrywka;ж. забава, потеха
rozstrzygać;решать, разрешать
roztkliwiony;растроганный, нежный
roztrzęsiony;1. разбросанный; 2. взволнованный, расстроенный; 3. трясущийся, дрожащий
rozwój;м. развитие
rozwiązać;1. развязать; 2. решить, разрешить; 3. распутать; 4. расформировать
różny;разный, всякий
również;также
równocześnie;одновременно
rumak;м. (поэт.) конь
rumor;м. шум, грохот
rząd;м. 1. ряд; 2. правительство
rzec;сказать, произнести
rzecz;ж. вещь, предмет
rzeczywistość;ж. действительность, реальность
rzeka;ж. река
rzęsa;ж. ресница
rzucić;бросить, подбросить
rzut;м. 1. бросок; 2. (спорт.) удар
sadowić się;усаживаться, рассажи-ваться
sala;ж. зал, палата
salceson;м. зельц
samochód;м. автомашина, автомо-биль
samotny;одинокий
sarkać;ворчать, брюзжать
sąd;м. 1. суд; 2. суждение, мнение, мысль
schody;лестница
sen;м. сон
serwetka;ж. салфетка
sędziwy;престарелый, преклонного возраста
sięgnąć;1. протянуть, потянуться (за чем.-л.); 2. достать
siedlisko;ср. очаг
sierpień;м. август
silnik;м. мотор, двигатель
siurkać;сочиться, струиться
składnia;ж. синтаксис
skąd;откуда
skarżyć się;жаловаться
skazać;приговорить, осудить
sklep;м. магазин
skomplikowany;сложный
skrawek;отрезок, лоскут, кусок
skrzydło;ср. крыло
skutek;м. результат
skwierczeć;трещать, шипеть
słuchawka;ж. 1. телефонная трубка; 2. наушники; 3. стетоскоп
słuszny;правильный, надлежащий
słynny;известный, знаменитый, славный
snadź;(устар.) знать, наверно, видно
solenizant;м. именинник
sos;м. соус, подливка
spadek;м. 1. падение, снижение, спуск; 2. наследство; 3. уклон, наклон
spełniać;исполнять, выполнять, удовлетворять
spinka;ж. запонка, заколка
spiżowy;1. бронзовый, медный; 2. кованый, четкий; крепкий, незыблемый; 3. медный, звучащий, как медь (голос)
społeczeństwo;ср. общество
społeczny;общественный
spośród;из, из числа
spodziewać się;1. ждать, ожидать; 2. надеяться, рассчитывать
spojrzenie;ср. взгляд
sporządzić;составить, приготовить
spostrzec;заметить, приметить, обратить внимание
spowodować;обусловить
spowszednieć;стать обычным, будничным
spoza;из-за
sprawca;м. исполнитель
sprawdzać;проверять
sprzed;с, од
sprzęt;м. 1. оборудование, оснащение; 2. предмет домашнего обихода; 3. уборка урожая
ssaki;мн.ч. млекопитающие
stać;1. стоять; 2. мочь
stać się;1. сделаться; 2. случиться, произойти
stajnia;ж. 1. конюшня; 2. конный завод
stały;1. взрослый; 2. неизменный, постоянный
stanowczo;решительно, категорически
stanowić;1. постановлять, решать; 2. представлять (собой)
stanowisko;ср. 1. должность; 2. позиция; 3. точка зрения
statecznie;солидно, степенно
statek;м. судно, корабль
stąd;отсюда
sterować;1. править, управлять; 2. править, руководить
stęskniony;соскучившийся
stężały;затвердевший, застывший
stosować;применять
stosowanie;ср. применение, употребление
stosunek;м. отношение
stowarzyszenie;ср. общество, объединение
strój;м. убор, одежда, наряд, костюм
streszczać;резюмировать, обобщать
strofować;отчитывать, делать замечания
stronnictwo;ср. партия
struchleć;испугаться, перепугаться, оробеть
strumyk;м. ручей
stryczek;м. 1. веревка с петлей, петля; 2. петля, виселица
stryj;м. дядя (по линии отца)
stryjenka;ж. тетка (по линии отца)
strzęp;м. 1. лоскут, обрывок, клок; 2. strzępy лохмотья; 3. strzępy бахрома
strzykać;1. брызгать, прыскать; 2. стрельнуть, кольнуть
stulić;1. свернуть, сложить, сжать; 2. (устар.) прижать, поджать, подо-гнуть
stwierdzić;1. констатировать, отме-чать; 2. подтвердить
styczeń;м. январь
sufit;м. потолок
suma;ж. 1. сумма; 2. итог, результат; 3. поздняя обедня
sunąć;двигаться
surowiec;м. сырье
sylwetka;ж. силуэт
szachy;шахматы
szacunek;м. 1. оценка, расценка; 2. уважение, почтение
szаfirowy;сапфировый, синий
szarzеć;1. сереть; 2. становиться серым, будничным; 3. светать; 4. смеркаться
szczegół;м. подробность, деталь
szczegółowy;подробный, детальный
szczególnie;особенно
szczególny;особенный, отдельный
szczery;искренний
szczyt;м. верх, вершина
szereg;м. ряд, шеренга
szklany;стеклянный
szkopek;м. подойник
szlak;м. путь, дорога
szpilka;ж. 1. булавка; 2. шпилька (для волос); 3. игла, иголка (хвои)
sztuka;ж. 1. штука; 2. искусство, мастерство; 3. пьеса
sztywny;1. жесткий, твердый; 2. несгибающийся, отвердевший, окаменевший; 3. натянутый, холодный, чопорный, официальный
szwagier;м. шурин
ścisły;точный
śledź;ж. селедка
śliczny;прекрасный, красивый
ślub;м. 1. обет, клятвенное обещание, клятва, зарок; 2. брак, бракосочетание
śmiać;się смеяться
środek;м. 1. середина, центр; 2. средство
środowisko;ср. среда, окружение
świadectwo;ср. свидетельство, аттестат
świadek;м. свидетель
świat;м. мир
światło;ср. свет
świetny;прекрасный
tablica;ж. 1. таблица; 2. доска (школьная); 3. плита
tamten;тот
tani;дешевый
tchórzliwy;трусливый
też;также
temat;м. тема
tempo;ср. темп
ten;этот, тот
tępy;тупой
teraz;теперь, сейчас
teren;м. территория, местность
tętent;м. топот, цоканье
tętnić;1. пульсировать; 2. кипеть, бить ключом; 3. топать, цокать
tkwić;1. торчать, сидеть; 2. помещаться, находиться, заключаться
tłum;м. толпа
toczyć się;1. катиться; 2. идти своим ходом, протекать, происходить
tor;м. 1. дорога, путь; 2. траектория
tortura;ж. пытка, истязание
towarzyszyć;сопровождать
trafić;попасть
trawnik;м. газон
treść;ж. содержание, смысл
trema;ж. волнение
treść;ж. содержание
troska;ж. забота
truskawka;ж. клубника
trwać;1. продолжаться; 2. оставаться
trwały;1. длительный; 2. сильный
tryskać;1. бить струей, хлестать; 2. брызгать
trzaskać;1. трещать, потрескивать; 2. хлопать; 3. лупить, хлестать
trzoda;ж. стадо
tu;здесь
turniej;м. турнир
tuzin;м. дюжина
tydzień;м. неделя
tył;м. 1. задняя часть, зад; 2. тыл, тылы
tyle;столько
tylko;только
tysiąc;м. тысяча
tytuł;м. заглавие, название
ułamek;м. 1. (мат.) дробь; 2. обломок
ubiegły;прошлый, пройденный, прошедший
ubrać;одеть
uchwała;ж. решение, постановление
uciec;убежать
uczczony;почетный, уважаемый, почтенный
uczelnia;ж. учебное учреждение
uczynić;сделать, совершить, осуществить
udać;się 1. удаться, посчастливиться; 2. отправиться, направиться, выбраться
udawać;прикидываться, притворяться, делать вид
udostępnić;популяризовать, сделать доступным
udowodnić;доказать
ufać;доверять
ująć;1. взять, схватить; 2. поймать, арестовать; 3. заключить, оправить; 4. расположить в свою пользу, снискать симпатию; 5. отнять, убавить
ujemny;отрицательный
ujrzeć;увидеть, заметить
ukazać się;появиться, показаться
umiejętność;ж. умение, мастерство
umysł;м. разум
unikać;избегать
upaść;1. упасть, свалиться; 2. прийти в упадок; 3. пасть, опуститься; 4. пасть, быть свергнутым; провалиться, рухнуть
upiąć;заколоть, скрепить
upierać się;упираться, упорствовать, сопротивляться
upominek;м. подарок, сувенир
upowszechnić;распространить
uprzejmość;ж. вежливость, учтивость
urlop;м. отпуск
uroda;ж. красота
urząd;м. 1. ведомство, бюро; 2. должность
urządzenie;ср. 1. организация, учреждение; 2. оборудование
urząd;м. 1. учреждение, ведомство, бюро; 2. должность, пост, служба
urzędnik;м. служащий, чиновник
usiłować;пробовать, стремиться
ustawa;ж. закон, положение
uważać;считать, думать, полагать
uważać;1. быть внимательным, следить; 2. беречь; 3. беречься, остерегаться; 4. считать, полагать, иметь мнение, думать
uzasadniony;обоснованный
uznać;признать
uzupełnienie;ср. дополнение
wachlarz;м. 1. веер, опахало; 2. круг, диапазон
wada;ж. недостаток, порок
walczyć;бороться, сражаться, соперничать
walizka;ж. чемодан
walka;ж. борьба, соперничество
war;м. 1. кипяток; 2. жара, зной
warga;ж. губа
warować;сторожить, караулить кого-л.
warunek;м. условие
wątpić;сомневаться
wbrew;наперекор, вопреки
wcale;вовсе
wciąż;постоянно
wczesny;ранний
wełna;ж. шерсть
według;согласно, в соответствии
wędrować;путешествовать
węglowy;угольный
wełniak;м. 1. полушерстяная домотканая ткань; 2. фуфайка; 3. передник, юбка
welon;м. вуаль
wesele;ср. свадьба
wesprzeć;1. опереть, подпереть; 2. поддержать, помочь, оказать помощь
wewnętrzny;внутренний
więc;значит, таким образом, итак, тем самым
większość;ж. большинство
wiarygodny;или wiarogodny достоверный, подлинный
widok;м. вид, пейзаж, перспектива
widokówka;ж. открытка
widownia;ж. 1. зрительный зал; 2. публика, зрители
widzieć;видеть
wieś;ж. деревня
wiedzieć;знать
wiejski;крестьянский
wiek;м. 1. век, столетие; 2. возраст; 3. вечность
wiele;много
wielekroć;многократно
wielki;большой, крупный
winda;ж. лифт
wizja;ж. 1. видение, провидение; 2. осмотр
wkrótce;cкоро, вскорости, в скором времени
właśnie;1. да; 2. именно; 3. как раз
właściciel;м. владелец, обладатель
właściwie;1. правильно, надлежащим образом; 2. собственно, собственно говоря
właściwy;1. свойственный, характерный; 2. соответствующий
władza;ж. власть, органы власти
włączać;включать, присоединять
wnętrze;ср. 1. внутренность, внутренняя часть; 2. недра; 3. интерьер
wnet;сейчас, скоро, сразу (же)
wniosek;м. 1. предложение; 2. заключение, вывод
wołać;звать
wobec;в связи, по отношению
woleć;хотеть, предпочитать
wolno;1. свободно; 2. можно; 3. медленно
worek;м. мешок
wówczas;тогда
wpaść;1. упасть, провалиться; 2. наскочить, наехать; 3. вбежать, влететь; 4. наброситься, накинуться; 5. зайти
wracać;1. возвращаться; 2. возвращать, восстанавливать
wraz;1. вместе; 2. сейчас, сразу же, немедленно
wręcz;прямо, напрямик, открыто
wreszcie;наконец
wrzątek;м. кипяток
wrzesień;м. сентябрь
wściec;się 1. взбеситься, заболеть бешенством; 2. взбеситься, прийти в ярость
wścieklizna;ж. бешенство
wskaźnik;м. показатель
wskutek;в результате
współczesny;современный
współpraca;ж. сотрудничество
wspólny;совместный
wspaniały;прекарсный, замечательный, чудесный
wstążka;ж. лента
wstęp;1. вход; 2. вступление, введение
wstrząs;м. потрясение, стресс
wszelki;всякий, любой
wszystek;весь
wśród;среди
wtedy;тогда
wuj;м. дядя (по линии матери)
wybitny;известный, выдающийся
wybrnąć;1. выбраться; 2. выкрутиться
wycieczka;ж. экскурсия, прогулка
wydawać;się казаться
wydział;м. 1. отдел, отделение; 2. факультет
wyjątek;м. исключение
wyjątkowy;исключительный, чрезвычайный
wyjrzeć;выглянуть
wykład;м. 1. лекция; 2. толкование, изложение
wykazać;1. показать; 2. проявить
wykrztusić;1. отхаркнуть; 2. выговорить с трудом, выдавить из себя
wykształcenie;ср. 1. образование; 2. образованность, воспитанность
wymagać;требовать
wymienić;1. выменять; 2. назвать, перечислить, упомянуть
wynosić;1. выносить; 2. возвышать; 3. составлять, равняться
wyobraźnia;ж. фантазия
wyposażyć;1. оснастить, обеспечить; 2. дать приданое
wyprawa;ж. 1. экспедиция; 2. выделка (кожи); 3. штукатурка
wyraz;м. 1. слово; 2. выражение, отражение
wyrok;м. приговор
wyrzucić;1. выбросить; 2. выгнать
wysiłek;м. усилие
wystarczyć;хватить, быть достаточным
wytoczyć;1. выкатить; 2. слить, выпустить; 3. выдвинуть, предъявить, возбудить
wytrwały;стойкий, настойчивый, упорный
wytyczna;указание, директива
wywiad;м. 1. разведка; 2. интервью
wywierać;оказывать, производить, вызывать
wywołać;1. вызвать; 2. объявить, огласить; 3. возбудить; 4. проявить (фотоснимок)
wywrotowy;подрывной, диверсионный
wyznanie;ср. 1. признание; 2. вероисповедование
wzór;м. образец, модель, пример
wzgląd;м. 1. соображение, причина, обстоятельство; 2. расположение, благосклонность; 3. снисхождение
wziąć;взять, принять
wzrost;м. 1. рост; 2. возрастание, рост, увеличение
z reguły;как правило
zabieg;м. 1. процедура, операция; 2. прием, мероприятие; 3. старание, усилие
zabrać się;1. взяться; 2. выбраться, собраться
zabytek;исторический памятник
zachęta;ж. поощрение, одобрение
zachować się;1. сохраниться, удержаться, уцелеть; 2. повести себя, поступить
zachwyt;см. восхищение, изумление
zacinać;1. изрезывать, ранить; 2. надрезать, надсекать, надрубать; 3. заострять; 4. кусать, колоть, жалить; 5. задевать, уязвлять; 6. защемлять, зажимать; 7. хлестать, стегать; 8. сечь, хлестать (о ветре, дожде)
zacofany;отсталый
zacząć;начать
zagadnienie;проблема, вопрос
zająć się;заняться (делом), взяться
zajrzeć;заглянуть
zakład;м. 1. предприятие, учреждение; 2. пари; 3. залог; 4. складка, подшивка (платья и т.д.)
zakażenie;ср. заражение
zakłócenie;ср. 1. нарушение; 2. перебои, помехи
zakres;м. 1. объем; 2. сфера, отрасль, область; 3. диапазон
zakrztusić się;поперхнуться, подавиться
zaleta;ж. преимущество, достоинство
załatwić;осуществить, сделать
załoga;ж. экипаж, команда, коллектив, персонал
założenie;ср. 1. закладка; 2. предпосылка, отправная точка
zamiast;вместо
zamierzać;намереваться
zamordować;убить
zaopatrzyć;снабдить, обеспечить
zapalenie;воспаление
zapewne;наверное, вероятно, очевидно, по-видимому
zapewnić;1. заверить; 2. гарантировать, обеспечить
zapinać się;застегиваться
zaplecze;ср. 1. тыл; 2. место с тыльной стороны; 3. база, резерв
zapomnieć;забыть
zarówno;также, одинаково
zarządzenie;ср. распоряжение, приказ
zasada;ж. 1. принцип; 2. основа
zasadniczy;принципиальный, основной
zasięg;м. 1. дальность, радиус действия; 2. охват, объем
zaskoczyć;1. захватить, застать врасплох; 2. удивить, поразить
zaskoczyć;удивить
zasłona;ж. 1. штора, занавеска; 2. завеса, заслон (воен.); пелена, завеса
zastanowić się;задуматься
zastaw;м. залог
zastrzegać;оговаривать, выговаривать
zaś;же
zatkać;заткнуть, закупорить
zatłoczony;набитый (битком), переполненный
zatrzymać się;задержаться, остановиться
zawartość;ж. содержимое
zawczasu;заблаговременно, заранее, вовремя
zawiły;запутанный, непонятный, сложный
zawierać;содержать, заключать (в себе)
zawodowy;профессиональный
zawora;ж. засов, задвижка
zawsze;всегда
zażalenie;ср. жалоба
zazwyczaj;обычно, преимущественно
zboczeniec;м. извращенец
zbrodnia;ж. преступление
zbrodniarz;м. преступник
zbyteczny;лишний, чрезмерный
zdążyć;успеть
zdanie;ср. 1. мысль, мнение; 2. (грамм.) предложение
zdarzenie;ср. событие, происшествие, случай
zdecydowany;решительный
zdjąć;снять
zdjęcie;ср. снимок
zdrowie;ср. здоровье
zdumienie;ср. изумление, поражение
zegar, -ek;м. часы
zespół;м. коллектив, группа, состав
zewnętrzny;внешний, окружающий
zewrzeć się;1. сомкнуться; 2. схватиться, сойтись, обхватить друг друга
zeznanie;ср. показание
zgłoszenie;ср. заявление, постановление, сообщение
zgoła;совсем, вовсе
ziemia;ж. земля
zjawisko;ср. явление, феномен
zlew;м. 1. раковина (на кухне); 2. бассейн (реки)
zły;1. плохой; 2. злой
zmęczony;усталый
zmiana;ж. изменение
zmora;м. 1. кошмар; 2. призрак, привидение
znajdować się;находиться, быть
znaleźć;найти
zobowiązywać;обязывать
zostać;1. остаться; 2. стать
zrezygnować;отказаться
zupełnie;совсем, целиком, полностью
zwłaszcza;особенно, главным образом
zwłoka;ж. задержка, промедление
zwłoki;останки, труп
związek;м. союз, связь, отношения
zwierzę;животное, зверь
zwijać się;1. свертываться, сматываться; 2. скручиваться; 3. завиваться; 4. сжиматься, съеживаться, корчиться; 5. быстро справляться с чем-л.
zwłaszcza;особенно
zwolennik;м. сторонник, последователь
zwrócić;się 1. повернуться; 2. обратиться
zwycięstwo;ср. победа
źle;плохо
źrenica;ж. зрачок, зеница
źródło;ср. источник
żaden;никто, ни один, никакой
żagiel;м. парус
żarówka;ж. лампочка
żądać;требовать
że;союз что
żeby;союз чтобы
żegnać się;1. прощаться, расставаться; 2. креститься
żelazko;ср. утюг
żłopаć;хлебать
żmija;ж. 1. змея; 2. гадюка; 3. змея, гадюка, ехидна
żołnierz;м. солдат, воин
żyzny;плодородный, урожайный
Cześć (Чещьчь);Привет
Proszę (Проше);Пожалуйста (просьба)
Dziękuję (Дженькуе);Спасибо
Tak (Так);Да
Nie (Не);Нет
Przepraszam (Пшепрашам);Извините (обратить внимание)
Dobranoc (Добраноц);Доброй ночи
Policja! (Полицъя!);Полиция!
Zero (Зэро);0
Jeden (Едэн);1
Dwa (Два);2
Trzy (Тшы);3
Cztery (Чтэры);4
Pięć (Пенчь);5
Sześć (Шэщьчь);6
Siedem (Щедэм);7
Osiem (Ощем);8
Dziewięć (Джевенчь);9
Dziesięć (Джещенчь);10
Jedenaście (Едэнащьче);11
Dwanaście (Дванащьче);12
Trzynaście (Тшынащьче);13
Czternaście (Чтэрнашьче);14
Piętnaście (Пентнащьче);15
Szesnaście (Шеснащьче);16
Siedemnaście (Щедэмнащьче);17
Osiemnaście (Ощемнащьце);18
Dziewiętnaście (Джевентнащьце);19
Dwadzieścia (Дваджещьча);20
Trzydzieści (Тшыджещьчи);30
Czterdzieści (Чтэрджещьчи);40
Pięćdziesiąt (Пеньчьджещёнт);50
Sześćdziesiąt (Шесьцьджещёнт);60
Siedemdziesiąt (Седэмджещёнт);70
Osiemdziesiąt (Ощемджещёнт);80
Dziewięćdziesiąt (Джевенчьджещёнт);90
Sto (Сто);100
Dwieście (Двещьче);200
Trzysta (Тшыста);300
Czterysta (Чтэрыста);400
Pięćset (Пенчьсэт);500
Sześćset (Шэщьчьсэт);600
Siedemset (Щедэмсэт);700
Osiemset (Ощемсэт);800
Dziewięćset (Джевенчьсэт);900
Tysiąc (Тысёнц);1 000
Milion (Мильён);1 000 000
Miliard (Мильярд);1 000 000 000
Numer (Нумэр);Номер
Mniej (Мней);Меньше
Więcej (Венцей);Больше
Pół (Пуԝ);Половина
Półtora (Пуԝтора);Полтора
Teraz (Тэраз);Сейчас
Później (Пужней);Позднее
Wcześniej (Вчэщней);Раньше
Dzień (Джень);День
Wieczór (Вечур);Вечер
Noc (Ноц);Ночь
Wieczorem (Вечорэм);Вечером
Jutro (Ютро);Завтра
Pojutrze (Поютшэ);Послезавтра
Godzina (Годжина);Час
Południe (Поԝудне);Полдень
Północ (Пуԝноц);Полночь
Dzisiaj (Джищай);Сегодня
Wczoraj (Вчорай);Вчера
Jutro (Ютро);Завтра
Poniedziałek (Понеджяԝэк);Понедельник
Wtorek (Вторэк);Вторник
Środa (Щьрёда);Среда
Czwartek (Чвартэк);Четверг
Piątek (Пёнтэк);Пятница
Sobota (Собота);Суббота
Niedziela (Неджеля);Воскресенье
Styczeń (Стычэнь);Январь
Luty (Люты);Февраль
Marzec (Мажэц);Март
Kwiecień (Квечень);Апрель
Maj (Май);Май
Czerwiec (Чэрвец);Июнь
Lipiec (Липец);Июль
Sierpień (Щерпень);Август
Wrzesień (Вшэщень);Сентябрь
Październik (Пажьджерник);Октябрь
Listopad (Листопад);Ноябрь
Grudzień (Груджень);Декабрь
Czarny (Чарны);Чёрный
Biały (Бяԝы);Белый
Szary (Шары);Серый
Czerwony (Чэрвоны);Красный
Granatowy (Гранатовы);Синий
Niebieski (Небески);Голубой
Żółty (Жуԝты);Жёлтый
Zielony (Желёны);Зелёный
Pomarańczowy (Помараньчовы);Оранжевый
Różowy (Ружовы);Розовый
Fioletowy (Фиолетовы);Фиолетовый
Brązowy (Бронзовы);Коричневый
Rosyjski (Росыйски);Русский
Polski (Польски);Польский
Angielski (Ангельски);Английский
Niemiecki (Немецки);Немецкий
Włoski (Вԝоски);Итальянский
Francuski (Француски);Французский
Hiszpański (Хишпаньски);Испанский
Arabski (Арабски);Арабский
Chiński (Чиньски);Китайский
Rosja (Росъя);Россия
Polska (Польска);Польша
Niemcy (Немцы);Германия
Włochy (Вԝохы);Италия
Francja (Францъя);Франция
Hiszpania (Хишпанья);Испания
Chiny (Чины);Китай
Samochód (Самохуд);Машина
Taksówka (Таксувка);Такси
Autobus (Аԝтобус);Автобус
Van (Ван);Фургон
Ciężarówka (Ченжарувка);Грузовик
Wózek (Вузэк);Троллейбус
Tramwaj (Трамвай);Трамвай
Pociąg (Почёнг);Поезд
Wagon (Вагон);Вагон
Metro (Мэтро);Метро
Statek (Статэк);Корабль
Łódź (ԝуджь);Лодка
Prom (Пром);Паром
Helikopter (Хэликоптэр);Вертолёт
Samolot (Самолёт);Самолёт
Rower (Ровэр);Велосипед
Motocykl (Мотоцыкль);Мотоцикл
Kareta (Карэта);Карета
Trasa (Траса);Маршрут
Skąd (Сконд);Откуда
Dokądże (Доконджэ);Куда
Przyjazd (Пшыязд);Приезд
Przylot (Пшылёт);Прилёт
Czas (Час);Время
Data (Дата);Дата
Nocą (Ноцо);Ночью
Przystanek (Пшыстанэк);Остановка
Przesiadka (Пшэсядка);Пересадка
Bilet (Билет);Билет
Międzynarodowy (Менджынародовы);Международный
Krajowy (Краёвы);Внутренний
Rezerwacja (Рэзэрвацья);Бронирование
Wejście (Вэйщче);Вход
Wyjście (Выйщче);Выход
Peron (Пэрон);Перрон
Tor (Тор);Путь
Wagon (Вагон);Вагон
Przedział (Пшэджяԝ);Купе
Miejsce (Мейсцэ);Место
…lotniska? (…лётниска?);…аэропорта?
…centrum? (…цэнтрум?);…центра города?
…barów? (…барув?);…баров?
…hoteli? (…хотэли?);…отелей?
…restauracji? (…рэстаԝрацъи?);…ресторанов?
…muzeów? (…музэув?);…музеев?
Ulica (Улица);Улица
Aleja (Алея);Авеню, аллея
Droga (Дрога);Дорога
Bulwar (Бульвар);Бульвар
Autostrada (Аԝтострада);Шоссе
Plac (Плац);Площадь
Most (Мост);Мост
Prawo (Право);Направо
Lewo (Лево);Налево
Prosto (Просто);Прямо
Skrzyżowanie (Скшыжоване);Перекрёсток
…prześcieradłami? (…пшэщьчерадԝами?);…простынями?
…łazienką/wanną? (…ԝаженко/ванно?);…ванной?
…prysznicem? (…прышницэм?);…душем?
…telefonem? (…тэлефонэм?);…телефоном?
…telewizorem? (…тэлевизорэм?);…телевизором?
…większy? (…венкшы?);…побольше?
…czystszy? (…чыстшы?);…почище?
…tańszy? (…таньшы?);…подешевле?
Jeść (Ещьчь);Есть, кушать
Jedzenie (Еджэне);Еда
…oleju (…олэю);…масла
…smalcu (…смальцу);…сала
Śniadanie (Шьнядане);Завтрак
Obiad (Обяд);Обед
Kolacja (Колацъя);Ужин
…kurczaka (…курчака);…курицой
…wołowiny (…воԝовины);…говядиной
…ryby (…рыбы);…рыбой
…szynką (…шынко);…свининой
Befsztyk (Бэфштык);Бифштекс
Grzyby (Гжыбы);Грибы
Pomarańcze (Помараньчэ);Апельсины
Jabłko (Япко);Яблоко
Banan (Банан);Банан
Ananas (Ананас);Ананас
Winogrona (Виногрона);Виноград
…piwa (…пива);…пива